Title,Company,Location,Reward,Link
React 프론트엔드 개발자,메디플렉서스,서울 · 한국,합격보상금 100만원,https://www.wanted.co.kr/wd/198756
React Developer,메타넷디지털,서울 · 한국,합격보상금 100만원,https://www.wanted.co.kr/wd/190806
"프론트엔드 개발자(React, ReactJS, Next.js)",루먼랩,서울 · 한국,합격보상금 100만원,https://www.wanted.co.kr/wd/199195
React.js/Next.js 프론트 엔드 엔지니어 (4년차 이상),콜로세움코퍼레이션,서울 · 한국,합격보상금 100만원,https://www.wanted.co.kr/wd/97598
Frontend 개발 (React),투스카이,서울 · 한국,합격보상금 100만원,https://www.wanted.co.kr/wd/197741
[200억↑투자] 시니어 프론트엔드 엔지니어 (React),페이히어,서울 · 한국,합격보상금 100만원,https://www.wanted.co.kr/wd/180745
코박(Cobak) 프론트앤드 개발자[5년 이상] (React),판도라티비,경기 · 한국,합격보상금 100만원,https://www.wanted.co.kr/wd/173342
프론트엔드 개발자 (React),큐피스트(글램),서울 · 한국,합격보상금 100만원,https://www.wanted.co.kr/wd/71316
React 프론트엔드 개발자,메디플렉서스,서울 · 한국,합격보상금 100만원,https://www.wanted.co.kr/wd/198756
React Developer,메타넷디지털,서울 · 한국,합격보상금 100만원,https://www.wanted.co.kr/wd/190806
"프론트엔드 개발자(React, ReactJS, Next.js)",루먼랩,서울 · 한국,합격보상금 100만원,https://www.wanted.co.kr/wd/199195
React.js/Next.js 프론트 엔드 엔지니어 (4년차 이상),콜로세움코퍼레이션,서울 · 한국,합격보상금 100만원,https://www.wanted.co.kr/wd/97598
Frontend 개발 (React),투스카이,서울 · 한국,합격보상금 100만원,https://www.wanted.co.kr/wd/197741
[200억↑투자] 시니어 프론트엔드 엔지니어 (React),페이히어,서울 · 한국,합격보상금 100만원,https://www.wanted.co.kr/wd/180745
코박(Cobak) 프론트앤드 개발자[5년 이상] (React),판도라티비,경기 · 한국,합격보상금 100만원,https://www.wanted.co.kr/wd/173342
프론트엔드 개발자 (React),큐피스트(글램),서울 · 한국,합격보상금 100만원,https://www.wanted.co.kr/wd/71316
React Native/Node.js 풀스택 시니어 앱 개발자,시놀,서울 · 한국,합격보상금 100만원,https://www.wanted.co.kr/wd/190363
프론트엔드 개발자 (REACT),메디스태프,서울 · 한국,합격보상금 100만원,https://www.wanted.co.kr/wd/177681
Sr. React Front-end Engineer,올거나이즈코리아(Allganize Korea),서울 · 한국,합격보상금 100만원,https://www.wanted.co.kr/wd/184032
"프론트엔드 개발자 (HTML, React, TypeScript)",애딥랩,서울 · 한국,합격보상금 100만원,https://www.wanted.co.kr/wd/178968
프론트엔드 개발자 (React) Senior,아파트멘터리,서울 · 한국,합격보상금 100만원,https://www.wanted.co.kr/wd/198494
React-Native 개발자,제너럴커피코디네이터,서울 · 한국,합격보상금 100만원,https://www.wanted.co.kr/wd/192618
프론트엔드 리액트 개발자(React.js),케이비자,서울 · 한국,합격보상금 100만원,https://www.wanted.co.kr/wd/197859
React Native 개발자,클래스팅(Classting),서울 · 한국,합격보상금 100만원,https://www.wanted.co.kr/wd/193101
Mobile App Developer(React Native),아임웹,서울 · 한국,합격보상금 100만원,https://www.wanted.co.kr/wd/182668
프론트엔드 엔지니어(React Native),타이로스코프,울산 · 한국,합격보상금 100만원,https://www.wanted.co.kr/wd/166293
모바일 S/W 엔지니어 (React Native),그루우,서울 · 한국,합격보상금 100만원,https://www.wanted.co.kr/wd/130448
모바일 앱 개발자(React Native),패스트파이브,서울 · 한국,합격보상금 100만원,https://www.wanted.co.kr/wd/192316
프론트엔드 개발자(React Native),먼치팩토리,서울 · 한국,합격보상금 100만원,https://www.wanted.co.kr/wd/194600
"프론트엔드 엔지니어 (React, Typescript) (시니어/리더급)",벳칭,서울 · 한국,합격보상금 100만원,https://www.wanted.co.kr/wd/158290
앱(React Native) 개발자,클라썸,서울 · 한국,합격보상금 100만원,https://www.wanted.co.kr/wd/31020
ReactNative(Flutter) Frontend Engineer(Senior),보닥(아이지넷),서울 · 한국,합격보상금 100만원,https://www.wanted.co.kr/wd/195945
React Native 모바일 앱 개발자,이터널,서울 · 한국,합격보상금 100만원,https://www.wanted.co.kr/wd/195575
Front-End 개발자(React.js/4년차 이상),제로엑스플로우,서울 · 한국,합격보상금 100만원,https://www.wanted.co.kr/wd/156382
"웹 프론트엔드 개발자(React, 4년이상)",물류대장,서울 · 한국,합격보상금 100만원,https://www.wanted.co.kr/wd/90322
React Native 개발자,피어테크(지닥),서울 · 한국,합격보상금 100만원,https://www.wanted.co.kr/wd/121952
프론트엔드 개발자 (React.js 4년이상),코딧(CODITCorp.),서울 · 한국,합격보상금 100만원,https://www.wanted.co.kr/wd/53936
React Native 개발자,엔아이지씨,서울 · 한국,합격보상금 100만원,https://www.wanted.co.kr/wd/194125
Django/React 개발자,아이넥스코퍼레이션,서울 · 한국,합격보상금 100만원,https://www.wanted.co.kr/wd/167083
React Native 프론트엔드 RN 개발자,디핑컴퍼니,서울 · 한국,합격보상금 100만원,https://www.wanted.co.kr/wd/136276
React Native APP 개발자,덴컴,서울 · 한국,합격보상금 100만원,https://www.wanted.co.kr/wd/196298
React 개발자,마크애니 체인버스,서울 · 한국,합격보상금 100만원,https://www.wanted.co.kr/wd/173639
React Native 개발자,소셜인베스팅랩,서울 · 한국,합격보상금 100만원,https://www.wanted.co.kr/wd/176288
웹 프론트엔드(React) 개발자 (3년이상),워트인텔리전스,서울 · 한국,합격보상금 100만원,https://www.wanted.co.kr/wd/7542
React Native 앱 개발자,하이데브(HighDev),부산 · 한국,합격보상금 100만원,https://www.wanted.co.kr/wd/148982
"App Engineer (React Native, 차량 구독 서비스)",포티투닷(42dot),서울 · 한국,합격보상금 100만원,https://www.wanted.co.kr/wd/143339
Global 서비스 React Native 개발,아프리카TV,경기 · 한국,합격보상금 100만원,https://www.wanted.co.kr/wd/126674
Front-end (React/TS) 개발,솔닥,서울 · 한국,합격보상금 100만원,https://www.wanted.co.kr/wd/199569
프론트엔드 개발자 (Flutter/React Native),루먼랩,서울 · 한국,합격보상금 100만원,https://www.wanted.co.kr/wd/199193
Frontend (React / Angular) 개발자(5년 이상),디앤에스에버(DNS Ever),서울 · 한국,합격보상금 100만원,https://www.wanted.co.kr/wd/198605
Senior Frontend Engineer (React),위펀(스낵24),서울 · 한국,합격보상금 100만원,https://www.wanted.co.kr/wd/169803
React Native 엔지니어,액션파워,서울 · 한국,합격보상금 100만원,https://www.wanted.co.kr/wd/158150
[bodyall] React Native 프론트엔드 앱 개발자,미디어엘,서울 · 한국,합격보상금 100만원,https://www.wanted.co.kr/wd/115162
React Native 개발자,버디파이(Budify),서울 · 한국,합격보상금 100만원,https://www.wanted.co.kr/wd/145752
Full-Stack & React Native 앱 개발(3년 이상),바운티팜,서울 · 한국,합격보상금 100만원,https://www.wanted.co.kr/wd/160937
앱 (React Native) 개발자,링글잉글리시에듀케이션서비스,서울 · 한국,합격보상금 100만원,https://www.wanted.co.kr/wd/93006
"모바일 앱 엔지니어(React Native, RN) 개발자",파이러츠(Pirates inc.),서울 · 한국,합격보상금 100만원,https://www.wanted.co.kr/wd/157427
"네이티브 앱 개발자(React Native, 3년 이상)",물류대장,서울 · 한국,합격보상금 100만원,https://www.wanted.co.kr/wd/149730
"프론트엔드 개발자 (리더, React.js 6년 이상)",코딧(CODITCorp.),서울 · 한국,합격보상금 100만원,https://www.wanted.co.kr/wd/93806
"React 개발자 (프론트엔드, 3년 이상)",버즈앤비,서울 · 한국,합격보상금 100만원,https://www.wanted.co.kr/wd/80698
[3년 이상] 프론트엔드 개발자 (React),래피드글로벌,서울 · 한국,합격보상금 100만원,https://www.wanted.co.kr/wd/197589
FrontEnd 개발자 - react / next.js 기반,시제(모노리스),서울 · 한국,합격보상금 100만원,https://www.wanted.co.kr/wd/192967
[플랫폼 개발] React.js 개발자,피플앤드테크놀러지,서울 · 한국,합격보상금 100만원,https://www.wanted.co.kr/wd/70696
웹(React) 개발자,클라썸,서울 · 한국,합격보상금 100만원,https://www.wanted.co.kr/wd/195983
React 프론트엔드 개발자,브이디크럭스,서울 · 한국,합격보상금 100만원,https://www.wanted.co.kr/wd/193555
React 프론트엔드 개발자,부동산일일사,서울 · 한국,합격보상금 100만원,https://www.wanted.co.kr/wd/199168
프론트엔드 개발자 (React),배움,서울 · 한국,합격보상금 100만원,https://www.wanted.co.kr/wd/189333
프론트엔드 (React.js / Next.js) 개발자,슈가브릭스,서울 · 한국,합격보상금 100만원,https://www.wanted.co.kr/wd/196425
